methods_stmt_id,art_id,repo_path,commit,command
MTH-0001,ART-0016,src/rhodyn/schema.py,2a73afd1fa91d5ce13b30b8662717e4b77c8c987,PYTHONPATH=src python3 -m unittest tests.test_schema; dataset_version=stage7.8-methods-readiness@242f06c49e8310b81ac1c06a270bb6810f3f4cfc; dataset_date=2026-06-30
MTH-0002,ART-0029,src/rhodyn/residence.py,2a73afd1fa91d5ce13b30b8662717e4b77c8c987,PYTHONPATH=src python3 scripts/run_stage7_2_benchmark_harness.py; dataset_version=stage7.8-methods-readiness@242f06c49e8310b81ac1c06a270bb6810f3f4cfc; dataset_date=2026-06-30
MTH-0003,ART-0032,scripts/run_stage7_3_public_signaling.py,2a73afd1fa91d5ce13b30b8662717e4b77c8c987,PYTHONPATH=src python3 scripts/run_stage7_3_public_signaling.py; dataset_version=Zenodo:10.5281/zenodo.14907827+10.5281/zenodo.5836623; dataset_date=2026-06-30-derived
MTH-0004,ART-0037,src/rhodyn/coupling.py,2a73afd1fa91d5ce13b30b8662717e4b77c8c987,PYTHONPATH=src python3 scripts/run_stage7_4_endpoint_reserve_routing.py; dataset_version=Zenodo:10.5281/zenodo.5836623-derived; dataset_date=2026-06-30
MTH-0005,ART-0039,src/rhodyn/reserve.py,2a73afd1fa91d5ce13b30b8662717e4b77c8c987,PYTHONPATH=src python3 scripts/run_stage7_4_endpoint_reserve_routing.py; dataset_version=public-derived-cell-painting-fixture; dataset_date=2026-06-30
MTH-0006,ART-0038,src/rhodyn/compare.py,2a73afd1fa91d5ce13b30b8662717e4b77c8c987,PYTHONPATH=src python3 scripts/run_stage7_4_endpoint_reserve_routing.py; dataset_version=public-derived-cell-painting-fixture; dataset_date=2026-06-30
MTH-0007,ART-0042,scripts/run_stage7_5_heldout_validation.py,2a73afd1fa91d5ce13b30b8662717e4b77c8c987,PYTHONPATH=src python3 scripts/run_stage7_5_heldout_validation.py; dataset_version=Zenodo:10.5281/zenodo.5836623-heldout; dataset_date=2026-06-30
MTH-0008,ART-0025,src/rhodyn/sim.py,2a73afd1fa91d5ce13b30b8662717e4b77c8c987,PYTHONPATH=src python3 -m unittest tests.test_models_sim_compare; dataset_version=stage7.8-methods-readiness@242f06c49e8310b81ac1c06a270bb6810f3f4cfc; dataset_date=2026-06-30
MTH-0009,ART-0022,src/rhodyn/backend_core.py,2a73afd1fa91d5ce13b30b8662717e4b77c8c987,PYTHONPATH=src python3 scripts/run_stage7_6_methods_reproducibility.py; dataset_version=RhoDyn-v0.1.0-source-distribution; dataset_date=2026-07-03
