boundary	required_signal	status	evidence	unsafe_overread_blocked
method_advance_present	residence-state inference method	pass	query and one-page pitch	software-only reading
comparator_classes_present	named baseline families appear	pass	query comparator sentence	self-comparison only
public_breadth_present	four public systems appear	pass	query public demonstrations sentence	single manuscript-specific example
heldout_validation_scoped	sealed no-retuning public-derived validation	pass	query and residual boundaries	prospective collaborator-blind validation claim
software_support_not_primary_claim	software surfaces support method object	pass	query and one-page pitch	software maturity replaces method evidence
universal_residence_blocked	query rejects every-system residence claim	pass	query limitation sentence	universal residence-state biology
mechanism_discovery_blocked	declared windows are not mechanisms	pass	query limitation sentence	automatic mechanism discovery
old_package_not_contact_basis	Stage 9.29 alone is forbidden	pass	Stage 10.9 decision memo and Stage 10.10 gate	old-package reconsideration route
external_contact_not_sent	no send action occurred	pass	clean query header plus Stage 10.9 and 10.10 gates	implicit editor contact
