dataset,condition,cell_id,replicate,ligand,concentration,inhibitor,experiment,date,slide,position,source_object,n_points,time_start_min,time_end_min,mean_signal,max_signal,min_signal,residence_fraction,residence_time_min,total_time_min,high_erk_threshold,amplitude_rank,residence_rank,residence_minus_amplitude_rank,amplitude_top_quartile,residence_top_quartile,amplitude_residence_class
erk_gpcr_ktr_wan2021,erk_ktr_His_DMSO_0.19,erk_ktr_His_20200526_P1_101,20200526 P1,His,0.19,DMSO,20200526 P1,20200526,P1,s1,101,24,2.5,83,0.409308,0.4732,0.3555,0,0,80.5,0.7623,170,126,-44,0,0,neither_top_quartile
erk_gpcr_ktr_wan2021,erk_ktr_His_DMSO_28.6,erk_ktr_His_20200526_P1_10035,20200526 P1,His,28.6,DMSO,20200526 P1,20200526,P1,s5,10035,24,2.5,83,0.776708,1.3617,0.6015,0.347826,28,80.5,0.7623,13,58,45,1,0,amplitude_only_top_quartile
erk_gpcr_ktr_wan2021,erk_ktr_His_DMSO_28.6,erk_ktr_His_20200526_P1_10106,20200526 P1,His,28.6,DMSO,20200526 P1,20200526,P1,s5,10106,24,2.5,83,0.712604,1.2354,0.5615,0.217391,17.5,80.5,0.7623,20,74,54,1,0,amplitude_only_top_quartile
erk_gpcr_ktr_wan2021,erk_ktr_His_DMSO_28.6,erk_ktr_His_20200526_P1_10055,20200526 P1,His,28.6,DMSO,20200526 P1,20200526,P1,s5,10055,24,2.5,83,0.825425,1.1859,0.7038,0.73913,59.5,80.5,0.7623,29,4,-25,1,1,amplitude_and_residence_top_quartile
erk_gpcr_ktr_wan2021,erk_ktr_His_DMSO_28.6,erk_ktr_His_20200526_P1_10018,20200526 P1,His,28.6,DMSO,20200526 P1,20200526,P1,s5,10018,24,2.5,83,0.769308,1.155,0.6297,0.391304,31.5,80.5,0.7623,33,55,22,1,0,amplitude_only_top_quartile
erk_gpcr_ktr_wan2021,erk_ktr_His_DMSO_28.6,erk_ktr_His_20200526_P1_10014,20200526 P1,His,28.6,DMSO,20200526 P1,20200526,P1,s5,10014,24,2.5,83,0.775771,1.1538,0.6679,0.478261,38.5,80.5,0.7623,34,47,13,1,0,amplitude_only_top_quartile
erk_gpcr_ktr_wan2021,erk_ktr_His_DMSO_28.6,erk_ktr_His_20200526_P1_10004,20200526 P1,His,28.6,DMSO,20200526 P1,20200526,P1,s5,10004,24,2.5,83,0.702679,1.1279,0.5112,0.173913,14,80.5,0.7623,37,81,44,1,0,amplitude_only_top_quartile
erk_gpcr_ktr_wan2021,erk_ktr_His_DMSO_28.6,erk_ktr_His_20200526_P1_10058,20200526 P1,His,28.6,DMSO,20200526 P1,20200526,P1,s5,10058,24,2.5,83,0.598,1.1275,0.4825,0.130435,10.5,80.5,0.7623,38,89,51,1,0,amplitude_only_top_quartile
erk_gpcr_ktr_wan2021,erk_ktr_His_DMSO_28.6,erk_ktr_His_20200526_P1_10049,20200526 P1,His,28.6,DMSO,20200526 P1,20200526,P1,s5,10049,24,2.5,83,0.793604,1.127,0.7064,0.652174,52.5,80.5,0.7623,39,18,-21,1,1,amplitude_and_residence_top_quartile
erk_gpcr_ktr_wan2021,erk_ktr_His_DMSO_28.6,erk_ktr_His_20200526_P1_10041,20200526 P1,His,28.6,DMSO,20200526 P1,20200526,P1,s5,10041,24,2.5,83,0.693108,1.1116,0.5132,0.130435,10.5,80.5,0.7623,44,87,43,1,0,amplitude_only_top_quartile
erk_gpcr_ktr_wan2021,erk_ktr_His_DMSO_28.6,erk_ktr_His_20200526_P1_10104,20200526 P1,His,28.6,DMSO,20200526 P1,20200526,P1,s5,10104,24,2.5,83,0.893238,1.0865,0.6738,0.73913,59.5,80.5,0.7623,46,5,-41,0,1,residence_only_top_quartile
erk_gpcr_ktr_wan2021,erk_ktr_His_DMSO_28.6,erk_ktr_His_20200526_P1_10071,20200526 P1,His,28.6,DMSO,20200526 P1,20200526,P1,s5,10071,24,2.5,83,0.7068,1.0853,0.5621,0.304348,24.5,80.5,0.7623,47,61,14,0,0,neither_top_quartile
erk_gpcr_ktr_wan2021,erk_ktr_His_DMSO_28.6,erk_ktr_His_20200526_P1_10052,20200526 P1,His,28.6,DMSO,20200526 P1,20200526,P1,s5,10052,24,2.5,83,0.678863,1.0794,0.5478,0.0869565,7,80.5,0.7623,48,99,51,0,0,neither_top_quartile
erk_gpcr_ktr_wan2021,erk_ktr_His_DMSO_28.6,erk_ktr_His_20200526_P1_10093,20200526 P1,His,28.6,DMSO,20200526 P1,20200526,P1,s5,10093,24,2.5,83,0.447125,1.0616,0.2908,0.0869565,7,80.5,0.7623,52,104,52,0,0,neither_top_quartile
erk_gpcr_ktr_wan2021,erk_ktr_His_DMSO_28.6,erk_ktr_His_20200526_P1_10012,20200526 P1,His,28.6,DMSO,20200526 P1,20200526,P1,s5,10012,24,2.5,83,0.758571,1.0422,0.6536,0.391304,31.5,80.5,0.7623,57,54,-3,0,0,neither_top_quartile
erk_gpcr_ktr_wan2021,erk_ktr_His_DMSO_28.6,erk_ktr_His_20200526_P1_10001,20200526 P1,His,28.6,DMSO,20200526 P1,20200526,P1,s5,10001,24,2.5,83,0.737637,1.0413,0.5327,0.304348,24.5,80.5,0.7623,58,60,2,0,0,neither_top_quartile
erk_gpcr_ktr_wan2021,erk_ktr_His_DMSO_28.6,erk_ktr_His_20200526_P1_10109,20200526 P1,His,28.6,DMSO,20200526 P1,20200526,P1,s5,10109,24,2.5,83,0.766904,1.0412,0.6105,0.434783,35,80.5,0.7623,59,51,-8,0,0,neither_top_quartile
erk_gpcr_ktr_wan2021,erk_ktr_His_DMSO_28.6,erk_ktr_His_20200526_P1_10039,20200526 P1,His,28.6,DMSO,20200526 P1,20200526,P1,s5,10039,24,2.5,83,0.692092,1.0383,0.5942,0.130435,10.5,80.5,0.7623,61,86,25,0,0,neither_top_quartile
erk_gpcr_ktr_wan2021,erk_ktr_His_DMSO_28.6,erk_ktr_His_20200526_P1_10107,20200526 P1,His,28.6,DMSO,20200526 P1,20200526,P1,s5,10107,24,2.5,83,0.448233,1.0292,0.3114,0.0869565,7,80.5,0.7623,64,105,41,0,0,neither_top_quartile
erk_gpcr_ktr_wan2021,erk_ktr_His_DMSO_28.6,erk_ktr_His_20200526_P1_10046,20200526 P1,His,28.6,DMSO,20200526 P1,20200526,P1,s5,10046,24,2.5,83,0.608867,0.9949,0.502,0.130435,10.5,80.5,0.7623,69,88,19,0,0,neither_top_quartile
erk_gpcr_ktr_wan2021,erk_ktr_His_DMSO_28.6,erk_ktr_His_20200526_P1_10021,20200526 P1,His,28.6,DMSO,20200526 P1,20200526,P1,s5,10021,24,2.5,83,0.520783,0.9648,0.4226,0.0434783,3.5,80.5,0.7623,72,113,41,0,0,neither_top_quartile
erk_gpcr_ktr_wan2021,erk_ktr_His_DMSO_28.6,erk_ktr_His_20200526_P1_10024,20200526 P1,His,28.6,DMSO,20200526 P1,20200526,P1,s5,10024,24,2.5,83,0.632471,0.9557,0.511,0.0869565,7,80.5,0.7623,74,93,19,0,0,neither_top_quartile
erk_gpcr_ktr_wan2021,erk_ktr_His_DMSO_28.6,erk_ktr_His_20200526_P1_10096,20200526 P1,His,28.6,DMSO,20200526 P1,20200526,P1,s5,10096,24,2.5,83,0.739237,0.9512,0.6257,0.173913,14,80.5,0.7623,75,82,7,0,0,neither_top_quartile
erk_gpcr_ktr_wan2021,erk_ktr_His_DMSO_28.6,erk_ktr_His_20200526_P1_10038,20200526 P1,His,28.6,DMSO,20200526 P1,20200526,P1,s5,10038,24,2.5,83,0.551946,0.9499,0.4168,0.0869565,7,80.5,0.7623,77,96,19,0,0,neither_top_quartile
erk_gpcr_ktr_wan2021,erk_ktr_His_DMSO_28.6,erk_ktr_His_20200526_P1_10061,20200526 P1,His,28.6,DMSO,20200526 P1,20200526,P1,s5,10061,24,2.5,83,0.487646,0.9439,0.3932,0.130435,10.5,80.5,0.7623,78,90,12,0,0,neither_top_quartile
erk_gpcr_ktr_wan2021,erk_ktr_His_DMSO_28.6,erk_ktr_His_20200526_P1_10029,20200526 P1,His,28.6,DMSO,20200526 P1,20200526,P1,s5,10029,24,2.5,83,0.614696,0.9415,0.5097,0.0869565,7,80.5,0.7623,80,94,14,0,0,neither_top_quartile
erk_gpcr_ktr_wan2021,erk_ktr_His_DMSO_28.6,erk_ktr_His_20200526_P1_10034,20200526 P1,His,28.6,DMSO,20200526 P1,20200526,P1,s5,10034,24,2.5,83,0.653892,0.9143,0.5142,0.0869565,7,80.5,0.7623,88,95,7,0,0,neither_top_quartile
erk_gpcr_ktr_wan2021,erk_ktr_His_DMSO_28.6,erk_ktr_His_20200526_P1_10023,20200526 P1,His,28.6,DMSO,20200526 P1,20200526,P1,s5,10023,24,2.5,83,0.618483,0.9032,0.4675,0.0869565,7,80.5,0.7623,91,92,1,0,0,neither_top_quartile
erk_gpcr_ktr_wan2021,erk_ktr_His_DMSO_28.6,erk_ktr_His_20200526_P1_10081,20200526 P1,His,28.6,DMSO,20200526 P1,20200526,P1,s5,10081,24,2.5,83,0.651042,0.8774,0.5647,0.0869565,7,80.5,0.7623,93,101,8,0,0,neither_top_quartile
erk_gpcr_ktr_wan2021,erk_ktr_His_DMSO_28.6,erk_ktr_His_20200526_P1_10040,20200526 P1,His,28.6,DMSO,20200526 P1,20200526,P1,s5,10040,24,2.5,83,0.572708,0.8756,0.4717,0.0869565,7,80.5,0.7623,94,97,3,0,0,neither_top_quartile
erk_gpcr_ktr_wan2021,erk_ktr_His_DMSO_28.6,erk_ktr_His_20200526_P1_10043,20200526 P1,His,28.6,DMSO,20200526 P1,20200526,P1,s5,10043,24,2.5,83,0.367525,0.848,0.2476,0.0434783,3.5,80.5,0.7623,102,117,15,0,0,neither_top_quartile
erk_gpcr_ktr_wan2021,erk_ktr_His_DMSO_28.6,erk_ktr_His_20200526_P1_10089,20200526 P1,His,28.6,DMSO,20200526 P1,20200526,P1,s5,10089,24,2.5,83,0.636158,0.8381,0.5084,0.0434783,3.5,80.5,0.7623,105,123,18,0,0,neither_top_quartile
erk_gpcr_ktr_wan2021,erk_ktr_His_DMSO_28.6,erk_ktr_His_20200526_P1_10075,20200526 P1,His,28.6,DMSO,20200526 P1,20200526,P1,s5,10075,24,2.5,83,0.607742,0.8296,0.5218,0.0869565,7,80.5,0.7623,106,100,-6,0,0,neither_top_quartile
erk_gpcr_ktr_wan2021,erk_ktr_His_DMSO_28.6,erk_ktr_His_20200526_P1_10064,20200526 P1,His,28.6,DMSO,20200526 P1,20200526,P1,s5,10064,24,2.5,83,0.584525,0.829,0.5,0.0434783,3.5,80.5,0.7623,107,118,11,0,0,neither_top_quartile
erk_gpcr_ktr_wan2021,erk_ktr_His_DMSO_28.6,erk_ktr_His_20200526_P1_10074,20200526 P1,His,28.6,DMSO,20200526 P1,20200526,P1,s5,10074,24,2.5,83,0.470342,0.8221,0.3799,0.0434783,3.5,80.5,0.7623,109,120,11,0,0,neither_top_quartile
erk_gpcr_ktr_wan2021,erk_ktr_His_DMSO_28.6,erk_ktr_His_20200526_P1_10082,20200526 P1,His,28.6,DMSO,20200526 P1,20200526,P1,s5,10082,24,2.5,83,0.43595,0.8134,0.3362,0.0434783,3.5,80.5,0.7623,112,121,9,0,0,neither_top_quartile
erk_gpcr_ktr_wan2021,erk_ktr_His_DMSO_28.6,erk_ktr_His_20200526_P1_10084,20200526 P1,His,28.6,DMSO,20200526 P1,20200526,P1,s5,10084,24,2.5,83,0.598888,0.8113,0.4757,0.0869565,7,80.5,0.7623,113,102,-11,0,0,neither_top_quartile
erk_gpcr_ktr_wan2021,erk_ktr_His_DMSO_28.6,erk_ktr_His_20200526_P1_10068,20200526 P1,His,28.6,DMSO,20200526 P1,20200526,P1,s5,10068,24,2.5,83,0.55725,0.8043,0.5002,0.0434783,3.5,80.5,0.7623,114,119,5,0,0,neither_top_quartile
erk_gpcr_ktr_wan2021,erk_ktr_His_DMSO_28.6,erk_ktr_His_20200526_P1_10037,20200526 P1,His,28.6,DMSO,20200526 P1,20200526,P1,s5,10037,24,2.5,83,0.455225,0.7952,0.3544,0.0434783,3.5,80.5,0.7623,115,115,0,0,0,neither_top_quartile
erk_gpcr_ktr_wan2021,erk_ktr_His_DMSO_28.6,erk_ktr_His_20200526_P1_10003,20200526 P1,His,28.6,DMSO,20200526 P1,20200526,P1,s5,10003,24,2.5,83,0.43035,0.7928,0.3584,0.0434783,3.5,80.5,0.7623,116,110,-6,0,0,neither_top_quartile
erk_gpcr_ktr_wan2021,erk_ktr_His_DMSO_28.6,erk_ktr_His_20200526_P1_10016,20200526 P1,His,28.6,DMSO,20200526 P1,20200526,P1,s5,10016,24,2.5,83,0.513425,0.7895,0.4059,0.0434783,3.5,80.5,0.7623,117,112,-5,0,0,neither_top_quartile
erk_gpcr_ktr_wan2021,erk_ktr_His_DMSO_28.6,erk_ktr_His_20200526_P1_10042,20200526 P1,His,28.6,DMSO,20200526 P1,20200526,P1,s5,10042,24,2.5,83,0.376346,0.7877,0.2521,0.0434783,3.5,80.5,0.7623,119,116,-3,0,0,neither_top_quartile
erk_gpcr_ktr_wan2021,erk_ktr_His_DMSO_28.6,erk_ktr_His_20200526_P1_10045,20200526 P1,His,28.6,DMSO,20200526 P1,20200526,P1,s5,10045,24,2.5,83,0.505246,0.7816,0.3762,0.0869565,7,80.5,0.7623,120,98,-22,0,0,neither_top_quartile
erk_gpcr_ktr_wan2021,erk_ktr_His_DMSO_28.6,erk_ktr_His_20200526_P1_10036,20200526 P1,His,28.6,DMSO,20200526 P1,20200526,P1,s5,10036,24,2.5,83,0.497713,0.7807,0.3809,0.0434783,3.5,80.5,0.7623,121,114,-7,0,0,neither_top_quartile
erk_gpcr_ktr_wan2021,erk_ktr_His_DMSO_28.6,erk_ktr_His_20200526_P1_10087,20200526 P1,His,28.6,DMSO,20200526 P1,20200526,P1,s5,10087,24,2.5,83,0.5006,0.7783,0.4,0.0869565,7,80.5,0.7623,123,103,-20,0,0,neither_top_quartile
erk_gpcr_ktr_wan2021,erk_ktr_His_DMSO_28.6,erk_ktr_His_20200526_P1_10007,20200526 P1,His,28.6,DMSO,20200526 P1,20200526,P1,s5,10007,24,2.5,83,0.613279,0.7726,0.4872,0.0434783,3.5,80.5,0.7623,124,111,-13,0,0,neither_top_quartile
erk_gpcr_ktr_wan2021,erk_ktr_His_DMSO_28.6,erk_ktr_His_20200526_P1_10092,20200526 P1,His,28.6,DMSO,20200526 P1,20200526,P1,s5,10092,24,2.5,83,0.602304,0.768,0.4937,0.0434783,3.5,80.5,0.7623,125,124,-1,0,0,neither_top_quartile
erk_gpcr_ktr_wan2021,erk_ktr_His_DMSO_28.6,erk_ktr_His_20200526_P1_10083,20200526 P1,His,28.6,DMSO,20200526 P1,20200526,P1,s5,10083,24,2.5,83,0.447437,0.7627,0.3633,0.0434783,3.5,80.5,0.7623,126,122,-4,0,0,neither_top_quartile
erk_gpcr_ktr_wan2021,erk_ktr_His_DMSO_28.6,erk_ktr_His_20200526_P1_10028,20200526 P1,His,28.6,DMSO,20200526 P1,20200526,P1,s5,10028,24,2.5,83,0.491146,0.7613,0.41,0,0,80.5,0.7623,127,127,0,0,0,neither_top_quartile
erk_gpcr_ktr_wan2021,erk_ktr_His_DMSO_28.6,erk_ktr_His_20200526_P1_10057,20200526 P1,His,28.6,DMSO,20200526 P1,20200526,P1,s5,10057,24,2.5,83,0.359579,0.761,0.279,0,0,80.5,0.7623,128,132,4,0,0,neither_top_quartile
erk_gpcr_ktr_wan2021,erk_ktr_His_DMSO_28.6,erk_ktr_His_20200526_P1_10051,20200526 P1,His,28.6,DMSO,20200526 P1,20200526,P1,s5,10051,24,2.5,83,0.481221,0.7338,0.3798,0,0,80.5,0.7623,132,130,-2,0,0,neither_top_quartile
erk_gpcr_ktr_wan2021,erk_ktr_His_DMSO_28.6,erk_ktr_His_20200526_P1_10033,20200526 P1,His,28.6,DMSO,20200526 P1,20200526,P1,s5,10033,24,2.5,83,0.487988,0.7296,0.3681,0,0,80.5,0.7623,133,129,-4,0,0,neither_top_quartile
erk_gpcr_ktr_wan2021,erk_ktr_His_DMSO_28.6,erk_ktr_His_20200526_P1_10031,20200526 P1,His,28.6,DMSO,20200526 P1,20200526,P1,s5,10031,24,2.5,83,0.4917,0.7151,0.3357,0,0,80.5,0.7623,135,128,-7,0,0,neither_top_quartile
erk_gpcr_ktr_wan2021,erk_ktr_His_DMSO_28.6,erk_ktr_His_20200526_P1_10105,20200526 P1,His,28.6,DMSO,20200526 P1,20200526,P1,s5,10105,24,2.5,83,0.451921,0.6949,0.384,0,0,80.5,0.7623,139,138,-1,0,0,neither_top_quartile
erk_gpcr_ktr_wan2021,erk_ktr_His_DMSO_28.6,erk_ktr_His_20200526_P1_10065,20200526 P1,His,28.6,DMSO,20200526 P1,20200526,P1,s5,10065,24,2.5,83,0.564596,0.6948,0.4568,0,0,80.5,0.7623,140,134,-6,0,0,neither_top_quartile
erk_gpcr_ktr_wan2021,erk_ktr_His_DMSO_28.6,erk_ktr_His_20200526_P1_10053,20200526 P1,His,28.6,DMSO,20200526 P1,20200526,P1,s5,10053,24,2.5,83,0.507162,0.6833,0.4099,0,0,80.5,0.7623,143,131,-12,0,0,neither_top_quartile
erk_gpcr_ktr_wan2021,erk_ktr_His_DMSO_28.6,erk_ktr_His_20200526_P1_10100,20200526 P1,His,28.6,DMSO,20200526 P1,20200526,P1,s5,10100,24,2.5,83,0.350225,0.5724,0.3026,0,0,80.5,0.7623,156,137,-19,0,0,neither_top_quartile
erk_gpcr_ktr_wan2021,erk_ktr_His_DMSO_28.6,erk_ktr_His_20200526_P1_10078,20200526 P1,His,28.6,DMSO,20200526 P1,20200526,P1,s5,10078,24,2.5,83,0.3353,0.5615,0.2588,0,0,80.5,0.7623,158,135,-23,0,0,neither_top_quartile
erk_gpcr_ktr_wan2021,erk_ktr_His_DMSO_28.6,erk_ktr_His_20200526_P1_10059,20200526 P1,His,28.6,DMSO,20200526 P1,20200526,P1,s5,10059,24,2.5,83,0.438304,0.559,0.3311,0,0,80.5,0.7623,159,133,-26,0,0,neither_top_quartile
erk_gpcr_ktr_wan2021,erk_ktr_His_DMSO_28.6,erk_ktr_His_20200526_P1_10088,20200526 P1,His,28.6,DMSO,20200526 P1,20200526,P1,s5,10088,24,2.5,83,0.319867,0.5042,0.2691,0,0,80.5,0.7623,165,136,-29,0,0,neither_top_quartile
erk_gpcr_ktr_wan2021,erk_ktr_S1P_DMSO_1300,erk_ktr_S1P_20200603_P1_100,20200603 P1,S1P,1300,DMSO,20200603 P1,20200603,P1,s6,100,24,2.5,83,0.615529,0.969,0.3592,0.173913,14,80.5,0.7623,71,83,12,0,0,neither_top_quartile
erk_gpcr_ktr_wan2021,erk_ktr_S1P_DMSO_650,erk_ktr_S1P_20200603_P1_10049,20200603 P1,S1P,650,DMSO,20200603 P1,20200603,P1,s5,10049,24,2.5,83,0.958854,1.6304,0.2874,0.608696,49,80.5,0.7623,1,33,32,1,1,amplitude_and_residence_top_quartile
erk_gpcr_ktr_wan2021,erk_ktr_S1P_DMSO_650,erk_ktr_S1P_20200603_P1_10090,20200603 P1,S1P,650,DMSO,20200603 P1,20200603,P1,s5,10090,24,2.5,83,1.09902,1.6204,0.6243,0.73913,59.5,80.5,0.7623,2,6,4,1,1,amplitude_and_residence_top_quartile
erk_gpcr_ktr_wan2021,erk_ktr_S1P_DMSO_650,erk_ktr_S1P_20200603_P1_10109,20200603 P1,S1P,650,DMSO,20200603 P1,20200603,P1,s5,10109,24,2.5,83,1.12713,1.6127,0.6427,0.695652,56,80.5,0.7623,3,16,13,1,1,amplitude_and_residence_top_quartile
erk_gpcr_ktr_wan2021,erk_ktr_S1P_DMSO_650,erk_ktr_S1P_20200603_P1_10115,20200603 P1,S1P,650,DMSO,20200603 P1,20200603,P1,s5,10115,24,2.5,83,0.932137,1.5432,0.5706,0.608696,49,80.5,0.7623,4,38,34,1,1,amplitude_and_residence_top_quartile
erk_gpcr_ktr_wan2021,erk_ktr_S1P_DMSO_650,erk_ktr_S1P_20200603_P1_10053,20200603 P1,S1P,650,DMSO,20200603 P1,20200603,P1,s5,10053,24,2.5,83,1.12433,1.5139,0.6645,0.782609,63,80.5,0.7623,5,3,-2,1,1,amplitude_and_residence_top_quartile
erk_gpcr_ktr_wan2021,erk_ktr_S1P_DMSO_650,erk_ktr_S1P_20200603_P1_10033,20200603 P1,S1P,650,DMSO,20200603 P1,20200603,P1,s5,10033,24,2.5,83,0.946504,1.5048,0.6062,0.652174,52.5,80.5,0.7623,6,20,14,1,1,amplitude_and_residence_top_quartile
erk_gpcr_ktr_wan2021,erk_ktr_S1P_DMSO_650,erk_ktr_S1P_20200603_P1_10028,20200603 P1,S1P,650,DMSO,20200603 P1,20200603,P1,s5,10028,24,2.5,83,0.924675,1.4995,0.5248,0.695652,56,80.5,0.7623,7,12,5,1,1,amplitude_and_residence_top_quartile
erk_gpcr_ktr_wan2021,erk_ktr_S1P_DMSO_650,erk_ktr_S1P_20200603_P1_10084,20200603 P1,S1P,650,DMSO,20200603 P1,20200603,P1,s5,10084,24,2.5,83,0.893892,1.4826,0.3308,0.652174,52.5,80.5,0.7623,8,27,19,1,1,amplitude_and_residence_top_quartile
erk_gpcr_ktr_wan2021,erk_ktr_S1P_DMSO_650,erk_ktr_S1P_20200603_P1_10078,20200603 P1,S1P,650,DMSO,20200603 P1,20200603,P1,s5,10078,24,2.5,83,1.03392,1.4797,0.5166,0.652174,52.5,80.5,0.7623,9,25,16,1,1,amplitude_and_residence_top_quartile
erk_gpcr_ktr_wan2021,erk_ktr_S1P_DMSO_650,erk_ktr_S1P_20200603_P1_10068,20200603 P1,S1P,650,DMSO,20200603 P1,20200603,P1,s5,10068,24,2.5,83,0.954629,1.467,0.4118,0.652174,52.5,80.5,0.7623,10,24,14,1,1,amplitude_and_residence_top_quartile
erk_gpcr_ktr_wan2021,erk_ktr_S1P_DMSO_650,erk_ktr_S1P_20200603_P1_10127,20200603 P1,S1P,650,DMSO,20200603 P1,20200603,P1,s5,10127,24,2.5,83,0.827433,1.4069,0.446,0.608696,49,80.5,0.7623,11,39,28,1,1,amplitude_and_residence_top_quartile
erk_gpcr_ktr_wan2021,erk_ktr_S1P_DMSO_650,erk_ktr_S1P_20200603_P1_10007,20200603 P1,S1P,650,DMSO,20200603 P1,20200603,P1,s5,10007,24,2.5,83,0.875446,1.3664,0.435,0.695652,56,80.5,0.7623,12,9,-3,1,1,amplitude_and_residence_top_quartile
erk_gpcr_ktr_wan2021,erk_ktr_S1P_DMSO_650,erk_ktr_S1P_20200603_P1_10051,20200603 P1,S1P,650,DMSO,20200603 P1,20200603,P1,s5,10051,24,2.5,83,0.944133,1.3587,0.5673,0.695652,56,80.5,0.7623,14,13,-1,1,1,amplitude_and_residence_top_quartile
erk_gpcr_ktr_wan2021,erk_ktr_S1P_DMSO_650,erk_ktr_S1P_20200603_P1_10100,20200603 P1,S1P,650,DMSO,20200603 P1,20200603,P1,s5,10100,24,2.5,83,0.925308,1.3537,0.5514,0.695652,56,80.5,0.7623,15,15,0,1,1,amplitude_and_residence_top_quartile
erk_gpcr_ktr_wan2021,erk_ktr_S1P_DMSO_650,erk_ktr_S1P_20200603_P1_10128,20200603 P1,S1P,650,DMSO,20200603 P1,20200603,P1,s5,10128,24,2.5,83,1.01831,1.3428,0.6903,0.73913,59.5,80.5,0.7623,16,8,-8,1,1,amplitude_and_residence_top_quartile
erk_gpcr_ktr_wan2021,erk_ktr_S1P_DMSO_650,erk_ktr_S1P_20200603_P1_10065,20200603 P1,S1P,650,DMSO,20200603 P1,20200603,P1,s5,10065,24,2.5,83,0.939137,1.3107,0.5398,0.695652,56,80.5,0.7623,17,14,-3,1,1,amplitude_and_residence_top_quartile
erk_gpcr_ktr_wan2021,erk_ktr_S1P_DMSO_650,erk_ktr_S1P_20200603_P1_10125,20200603 P1,S1P,650,DMSO,20200603 P1,20200603,P1,s5,10125,24,2.5,83,0.786175,1.3017,0.3635,0.652174,52.5,80.5,0.7623,18,31,13,1,1,amplitude_and_residence_top_quartile
erk_gpcr_ktr_wan2021,erk_ktr_S1P_DMSO_650,erk_ktr_S1P_20200603_P1_10117,20200603 P1,S1P,650,DMSO,20200603 P1,20200603,P1,s5,10117,24,2.5,83,0.877188,1.2436,0.3025,0.652174,52.5,80.5,0.7623,19,30,11,1,1,amplitude_and_residence_top_quartile
erk_gpcr_ktr_wan2021,erk_ktr_S1P_DMSO_650,erk_ktr_S1P_20200603_P1_10103,20200603 P1,S1P,650,DMSO,20200603 P1,20200603,P1,s5,10103,24,2.5,83,0.792504,1.2319,0.5043,0.565217,45.5,80.5,0.7623,21,43,22,1,1,amplitude_and_residence_top_quartile
erk_gpcr_ktr_wan2021,erk_ktr_S1P_DMSO_650,erk_ktr_S1P_20200603_P1_10111,20200603 P1,S1P,650,DMSO,20200603 P1,20200603,P1,s5,10111,24,2.5,83,0.935983,1.2239,0.7127,0.73913,59.5,80.5,0.7623,22,7,-15,1,1,amplitude_and_residence_top_quartile
erk_gpcr_ktr_wan2021,erk_ktr_S1P_DMSO_650,erk_ktr_S1P_20200603_P1_10046,20200603 P1,S1P,650,DMSO,20200603 P1,20200603,P1,s5,10046,24,2.5,83,0.908392,1.2117,0.6647,0.652174,52.5,80.5,0.7623,24,22,-2,1,1,amplitude_and_residence_top_quartile
erk_gpcr_ktr_wan2021,erk_ktr_S1P_DMSO_650,erk_ktr_S1P_20200603_P1_10104,20200603 P1,S1P,650,DMSO,20200603 P1,20200603,P1,s5,10104,24,2.5,83,0.759713,1.2016,0.4305,0.652174,52.5,80.5,0.7623,25,28,3,1,1,amplitude_and_residence_top_quartile
erk_gpcr_ktr_wan2021,erk_ktr_S1P_DMSO_650,erk_ktr_S1P_20200603_P1_10011,20200603 P1,S1P,650,DMSO,20200603 P1,20200603,P1,s5,10011,24,2.5,83,0.956971,1.1935,0.679,0.695652,56,80.5,0.7623,28,10,-18,1,1,amplitude_and_residence_top_quartile
erk_gpcr_ktr_wan2021,erk_ktr_S1P_DMSO_650,erk_ktr_S1P_20200603_P1_10124,20200603 P1,S1P,650,DMSO,20200603 P1,20200603,P1,s5,10124,24,2.5,83,0.629183,1.1849,0.2794,0.304348,24.5,80.5,0.7623,30,65,35,1,0,amplitude_only_top_quartile
erk_gpcr_ktr_wan2021,erk_ktr_S1P_DMSO_650,erk_ktr_S1P_20200603_P1_10093,20200603 P1,S1P,650,DMSO,20200603 P1,20200603,P1,s5,10093,24,2.5,83,0.703204,1.1722,0.2539,0.608696,49,80.5,0.7623,31,35,4,1,1,amplitude_and_residence_top_quartile
erk_gpcr_ktr_wan2021,erk_ktr_S1P_DMSO_650,erk_ktr_S1P_20200603_P1_10031,20200603 P1,S1P,650,DMSO,20200603 P1,20200603,P1,s5,10031,24,2.5,83,0.784013,1.1666,0.3642,0.565217,45.5,80.5,0.7623,32,41,9,1,1,amplitude_and_residence_top_quartile
erk_gpcr_ktr_wan2021,erk_ktr_S1P_DMSO_650,erk_ktr_S1P_20200603_P1_10080,20200603 P1,S1P,650,DMSO,20200603 P1,20200603,P1,s5,10080,24,2.5,83,0.791279,1.1439,0.4418,0.565217,45.5,80.5,0.7623,35,42,7,1,1,amplitude_and_residence_top_quartile
erk_gpcr_ktr_wan2021,erk_ktr_S1P_DMSO_650,erk_ktr_S1P_20200603_P1_10024,20200603 P1,S1P,650,DMSO,20200603 P1,20200603,P1,s5,10024,24,2.5,83,0.813558,1.127,0.4511,0.652174,52.5,80.5,0.7623,40,19,-21,1,1,amplitude_and_residence_top_quartile
erk_gpcr_ktr_wan2021,erk_ktr_S1P_DMSO_650,erk_ktr_S1P_20200603_P1_10076,20200603 P1,S1P,650,DMSO,20200603 P1,20200603,P1,s5,10076,24,2.5,83,0.787958,1.1193,0.3493,0.608696,49,80.5,0.7623,41,34,-7,1,1,amplitude_and_residence_top_quartile
erk_gpcr_ktr_wan2021,erk_ktr_S1P_DMSO_650,erk_ktr_S1P_20200603_P1_10112,20200603 P1,S1P,650,DMSO,20200603 P1,20200603,P1,s5,10112,24,2.5,83,0.852379,1.1153,0.4618,0.652174,52.5,80.5,0.7623,43,29,-14,1,1,amplitude_and_residence_top_quartile
erk_gpcr_ktr_wan2021,erk_ktr_S1P_DMSO_650,erk_ktr_S1P_20200603_P1_10042,20200603 P1,S1P,650,DMSO,20200603 P1,20200603,P1,s5,10042,24,2.5,83,0.833654,1.1007,0.5063,0.652174,52.5,80.5,0.7623,45,21,-24,1,1,amplitude_and_residence_top_quartile
erk_gpcr_ktr_wan2021,erk_ktr_S1P_DMSO_650,erk_ktr_S1P_20200603_P1_10095,20200603 P1,S1P,650,DMSO,20200603 P1,20200603,P1,s5,10095,24,2.5,83,0.747008,1.0732,0.4669,0.608696,49,80.5,0.7623,49,36,-13,0,1,residence_only_top_quartile
erk_gpcr_ktr_wan2021,erk_ktr_S1P_DMSO_650,erk_ktr_S1P_20200603_P1_10032,20200603 P1,S1P,650,DMSO,20200603 P1,20200603,P1,s5,10032,24,2.5,83,0.724517,1.0728,0.3802,0.608696,49,80.5,0.7623,50,32,-18,0,1,residence_only_top_quartile
erk_gpcr_ktr_wan2021,erk_ktr_S1P_DMSO_650,erk_ktr_S1P_20200603_P1_10087,20200603 P1,S1P,650,DMSO,20200603 P1,20200603,P1,s5,10087,24,2.5,83,0.679096,1.0685,0.2242,0.521739,42,80.5,0.7623,51,46,-5,0,0,neither_top_quartile
erk_gpcr_ktr_wan2021,erk_ktr_S1P_DMSO_650,erk_ktr_S1P_20200603_P1_10044,20200603 P1,S1P,650,DMSO,20200603 P1,20200603,P1,s5,10044,24,2.5,83,0.679663,1.0577,0.5051,0.26087,21,80.5,0.7623,53,70,17,0,0,neither_top_quartile
erk_gpcr_ktr_wan2021,erk_ktr_S1P_DMSO_650,erk_ktr_S1P_20200603_P1_10057,20200603 P1,S1P,650,DMSO,20200603 P1,20200603,P1,s5,10057,24,2.5,83,0.839263,1.0526,0.4715,0.652174,52.5,80.5,0.7623,54,23,-31,0,1,residence_only_top_quartile
erk_gpcr_ktr_wan2021,erk_ktr_S1P_DMSO_650,erk_ktr_S1P_20200603_P1_10081,20200603 P1,S1P,650,DMSO,20200603 P1,20200603,P1,s5,10081,24,2.5,83,0.716313,1.0466,0.4633,0.521739,42,80.5,0.7623,55,45,-10,0,1,residence_only_top_quartile
erk_gpcr_ktr_wan2021,erk_ktr_S1P_DMSO_650,erk_ktr_S1P_20200603_P1_10079,20200603 P1,S1P,650,DMSO,20200603 P1,20200603,P1,s5,10079,24,2.5,83,0.834475,1.0462,0.6223,0.652174,52.5,80.5,0.7623,56,26,-30,0,1,residence_only_top_quartile
erk_gpcr_ktr_wan2021,erk_ktr_S1P_DMSO_650,erk_ktr_S1P_20200603_P1_10102,20200603 P1,S1P,650,DMSO,20200603 P1,20200603,P1,s5,10102,24,2.5,83,0.663338,1.0321,0.2797,0.478261,38.5,80.5,0.7623,62,49,-13,0,0,neither_top_quartile
erk_gpcr_ktr_wan2021,erk_ktr_S1P_DMSO_650,erk_ktr_S1P_20200603_P1_10108,20200603 P1,S1P,650,DMSO,20200603 P1,20200603,P1,s5,10108,24,2.5,83,0.711458,1.0156,0.3801,0.608696,49,80.5,0.7623,65,37,-28,0,1,residence_only_top_quartile
erk_gpcr_ktr_wan2021,erk_ktr_S1P_DMSO_650,erk_ktr_S1P_20200603_P1_10025,20200603 P1,S1P,650,DMSO,20200603 P1,20200603,P1,s5,10025,24,2.5,83,0.801492,1.0101,0.6035,0.695652,56,80.5,0.7623,66,11,-55,0,1,residence_only_top_quartile
erk_gpcr_ktr_wan2021,erk_ktr_S1P_DMSO_650,erk_ktr_S1P_20200603_P1_10026,20200603 P1,S1P,650,DMSO,20200603 P1,20200603,P1,s5,10026,24,2.5,83,0.715692,1.0067,0.4439,0.478261,38.5,80.5,0.7623,67,48,-19,0,0,neither_top_quartile
erk_gpcr_ktr_wan2021,erk_ktr_S1P_DMSO_650,erk_ktr_S1P_20200603_P1_10063,20200603 P1,S1P,650,DMSO,20200603 P1,20200603,P1,s5,10063,24,2.5,83,0.604725,0.9866,0.3037,0.304348,24.5,80.5,0.7623,70,64,-6,0,0,neither_top_quartile
erk_gpcr_ktr_wan2021,erk_ktr_S1P_DMSO_650,erk_ktr_S1P_20200603_P1_10017,20200603 P1,S1P,650,DMSO,20200603 P1,20200603,P1,s5,10017,24,2.5,83,0.662325,0.9512,0.4458,0.304348,24.5,80.5,0.7623,76,62,-14,0,0,neither_top_quartile
erk_gpcr_ktr_wan2021,erk_ktr_S1P_DMSO_650,erk_ktr_S1P_20200603_P1_10066,20200603 P1,S1P,650,DMSO,20200603 P1,20200603,P1,s5,10066,24,2.5,83,0.672758,0.9317,0.4952,0.217391,17.5,80.5,0.7623,83,77,-6,0,0,neither_top_quartile
erk_gpcr_ktr_wan2021,erk_ktr_S1P_DMSO_650,erk_ktr_S1P_20200603_P1_10070,20200603 P1,S1P,650,DMSO,20200603 P1,20200603,P1,s5,10070,24,2.5,83,0.657379,0.9299,0.4626,0.26087,21,80.5,0.7623,84,71,-13,0,0,neither_top_quartile
erk_gpcr_ktr_wan2021,erk_ktr_S1P_DMSO_650,erk_ktr_S1P_20200603_P1_10073,20200603 P1,S1P,650,DMSO,20200603 P1,20200603,P1,s5,10073,24,2.5,83,0.627271,0.9249,0.3096,0.391304,31.5,80.5,0.7623,85,56,-29,0,0,neither_top_quartile
erk_gpcr_ktr_wan2021,erk_ktr_S1P_DMSO_650,erk_ktr_S1P_20200603_P1_10107,20200603 P1,S1P,650,DMSO,20200603 P1,20200603,P1,s5,10107,24,2.5,83,0.617467,0.9223,0.291,0.391304,31.5,80.5,0.7623,86,57,-29,0,0,neither_top_quartile
erk_gpcr_ktr_wan2021,erk_ktr_S1P_DMSO_650,erk_ktr_S1P_20200603_P1_10114,20200603 P1,S1P,650,DMSO,20200603 P1,20200603,P1,s5,10114,24,2.5,83,0.582442,0.9207,0.2874,0.217391,17.5,80.5,0.7623,87,78,-9,0,0,neither_top_quartile
erk_gpcr_ktr_wan2021,erk_ktr_S1P_DMSO_650,erk_ktr_S1P_20200603_P1_10043,20200603 P1,S1P,650,DMSO,20200603 P1,20200603,P1,s5,10043,24,2.5,83,0.571662,0.9061,0.3164,0.217391,17.5,80.5,0.7623,90,76,-14,0,0,neither_top_quartile
erk_gpcr_ktr_wan2021,erk_ktr_S1P_DMSO_650,erk_ktr_S1P_20200603_P1_10023,20200603 P1,S1P,650,DMSO,20200603 P1,20200603,P1,s5,10023,24,2.5,83,0.604408,0.8956,0.3474,0.217391,17.5,80.5,0.7623,92,75,-17,0,0,neither_top_quartile
erk_gpcr_ktr_wan2021,erk_ktr_S1P_DMSO_650,erk_ktr_S1P_20200603_P1_10048,20200603 P1,S1P,650,DMSO,20200603 P1,20200603,P1,s5,10048,24,2.5,83,0.627404,0.8628,0.3915,0.304348,24.5,80.5,0.7623,96,63,-33,0,0,neither_top_quartile
erk_gpcr_ktr_wan2021,erk_ktr_S1P_DMSO_650,erk_ktr_S1P_20200603_P1_10122,20200603 P1,S1P,650,DMSO,20200603 P1,20200603,P1,s5,10122,24,2.5,83,0.619267,0.8544,0.2929,0.434783,35,80.5,0.7623,98,52,-46,0,0,neither_top_quartile
erk_gpcr_ktr_wan2021,erk_ktr_S1P_DMSO_650,erk_ktr_S1P_20200603_P1_10015,20200603 P1,S1P,650,DMSO,20200603 P1,20200603,P1,s5,10015,24,2.5,83,0.689425,0.8417,0.5353,0.26087,21,80.5,0.7623,103,69,-34,0,0,neither_top_quartile
erk_gpcr_ktr_wan2021,erk_ktr_S1P_DMSO_650,erk_ktr_S1P_20200603_P1_10069,20200603 P1,S1P,650,DMSO,20200603 P1,20200603,P1,s5,10069,24,2.5,83,0.529621,0.8187,0.2666,0.173913,14,80.5,0.7623,110,84,-26,0,0,neither_top_quartile
erk_gpcr_ktr_wan2021,erk_ktr_S1P_DMSO_650,erk_ktr_S1P_20200603_P1_10018,20200603 P1,S1P,650,DMSO,20200603 P1,20200603,P1,s5,10018,24,2.5,83,0.488387,0.8137,0.2209,0.0869565,7,80.5,0.7623,111,106,-5,0,0,neither_top_quartile
erk_gpcr_ktr_wan2021,erk_ktr_S1P_DMSO_650,erk_ktr_S1P_20200603_P1_10123,20200603 P1,S1P,650,DMSO,20200603 P1,20200603,P1,s5,10123,24,2.5,83,0.467821,0.7895,0.277,0.0869565,7,80.5,0.7623,118,107,-11,0,0,neither_top_quartile
erk_gpcr_ktr_wan2021,erk_ktr_S1P_DMSO_650,erk_ktr_S1P_20200603_P1_10019,20200603 P1,S1P,650,DMSO,20200603 P1,20200603,P1,s5,10019,24,2.5,83,0.525342,0.7286,0.2251,0,0,80.5,0.7623,134,139,5,0,0,neither_top_quartile
erk_gpcr_ktr_wan2021,erk_ktr_S1P_DMSO_650,erk_ktr_S1P_20200603_P1_10077,20200603 P1,S1P,650,DMSO,20200603 P1,20200603,P1,s5,10077,24,2.5,83,0.603475,0.7002,0.4785,0,0,80.5,0.7623,137,140,3,0,0,neither_top_quartile
erk_gpcr_ktr_wan2021,erk_ktr_UK_DMSO_0.41,erk_ktr_UK_20200630_P1_100,20200630 P1,UK,0.41,DMSO,20200630 P1,20200630,P1,s1,100,24,2.5,83,0.391304,0.4155,0.3642,0,0,80.5,0.7623,174,141,-33,0,0,neither_top_quartile
erk_gpcr_ktr_wan2021,erk_ktr_UK_DMSO_3.7,erk_ktr_UK_20200630_P1_10078,20200630 P1,UK,3.7,DMSO,20200630 P1,20200630,P1,s3,10078,24,2.5,83,1.02684,1.2134,0.4752,0.913043,73.5,80.5,0.7623,23,2,-21,1,1,amplitude_and_residence_top_quartile
erk_gpcr_ktr_wan2021,erk_ktr_UK_DMSO_3.7,erk_ktr_UK_20200630_P1_10040,20200630 P1,UK,3.7,DMSO,20200630 P1,20200630,P1,s3,10040,24,2.5,83,0.6373,1.1984,0.4639,0.217391,17.5,80.5,0.7623,26,79,53,1,0,amplitude_only_top_quartile
erk_gpcr_ktr_wan2021,erk_ktr_UK_DMSO_3.7,erk_ktr_UK_20200630_P1_10048,20200630 P1,UK,3.7,DMSO,20200630 P1,20200630,P1,s3,10048,24,2.5,83,0.789817,1.197,0.6101,0.434783,35,80.5,0.7623,27,53,26,1,0,amplitude_only_top_quartile
erk_gpcr_ktr_wan2021,erk_ktr_UK_DMSO_3.7,erk_ktr_UK_20200630_P1_10007,20200630 P1,UK,3.7,DMSO,20200630 P1,20200630,P1,s3,10007,24,2.5,83,0.823333,1.1337,0.6198,0.695652,56,80.5,0.7623,36,17,-19,1,1,amplitude_and_residence_top_quartile
erk_gpcr_ktr_wan2021,erk_ktr_UK_DMSO_3.7,erk_ktr_UK_20200630_P1_10044,20200630 P1,UK,3.7,DMSO,20200630 P1,20200630,P1,s3,10044,24,2.5,83,0.744154,1.1188,0.5945,0.304348,24.5,80.5,0.7623,42,67,25,1,0,amplitude_only_top_quartile
erk_gpcr_ktr_wan2021,erk_ktr_UK_DMSO_3.7,erk_ktr_UK_20200630_P1_10018,20200630 P1,UK,3.7,DMSO,20200630 P1,20200630,P1,s3,10018,24,2.5,83,0.855487,1.0398,0.6574,0.913043,73.5,80.5,0.7623,60,1,-59,0,1,residence_only_top_quartile
erk_gpcr_ktr_wan2021,erk_ktr_UK_DMSO_3.7,erk_ktr_UK_20200630_P1_10057,20200630 P1,UK,3.7,DMSO,20200630 P1,20200630,P1,s3,10057,24,2.5,83,0.705567,1.0296,0.3996,0.478261,38.5,80.5,0.7623,63,50,-13,0,0,neither_top_quartile
erk_gpcr_ktr_wan2021,erk_ktr_UK_DMSO_3.7,erk_ktr_UK_20200630_P1_10049,20200630 P1,UK,3.7,DMSO,20200630 P1,20200630,P1,s3,10049,24,2.5,83,0.689333,1.0018,0.5504,0.217391,17.5,80.5,0.7623,68,80,12,0,0,neither_top_quartile
erk_gpcr_ktr_wan2021,erk_ktr_UK_DMSO_3.7,erk_ktr_UK_20200630_P1_10021,20200630 P1,UK,3.7,DMSO,20200630 P1,20200630,P1,s3,10021,24,2.5,83,0.639008,0.9648,0.5154,0.130435,10.5,80.5,0.7623,73,91,18,0,0,neither_top_quartile
erk_gpcr_ktr_wan2021,erk_ktr_UK_DMSO_3.7,erk_ktr_UK_20200630_P1_10037,20200630 P1,UK,3.7,DMSO,20200630 P1,20200630,P1,s3,10037,24,2.5,83,0.670367,0.9431,0.4373,0.304348,24.5,80.5,0.7623,79,66,-13,0,0,neither_top_quartile
erk_gpcr_ktr_wan2021,erk_ktr_UK_DMSO_3.7,erk_ktr_UK_20200630_P1_10072,20200630 P1,UK,3.7,DMSO,20200630 P1,20200630,P1,s3,10072,24,2.5,83,0.742192,0.9413,0.64,0.304348,24.5,80.5,0.7623,81,68,-13,0,0,neither_top_quartile
erk_gpcr_ktr_wan2021,erk_ktr_UK_DMSO_3.7,erk_ktr_UK_20200630_P1_10016,20200630 P1,UK,3.7,DMSO,20200630 P1,20200630,P1,s3,10016,24,2.5,83,0.728692,0.9347,0.5281,0.565217,45.5,80.5,0.7623,82,44,-38,0,1,residence_only_top_quartile
erk_gpcr_ktr_wan2021,erk_ktr_UK_DMSO_3.7,erk_ktr_UK_20200630_P1_10036,20200630 P1,UK,3.7,DMSO,20200630 P1,20200630,P1,s3,10036,24,2.5,83,0.678863,0.9135,0.5202,0.26087,21,80.5,0.7623,89,73,-16,0,0,neither_top_quartile
erk_gpcr_ktr_wan2021,erk_ktr_UK_DMSO_3.7,erk_ktr_UK_20200630_P1_10030,20200630 P1,UK,3.7,DMSO,20200630 P1,20200630,P1,s3,10030,24,2.5,83,0.697629,0.8688,0.5241,0.347826,28,80.5,0.7623,95,59,-36,0,0,neither_top_quartile
erk_gpcr_ktr_wan2021,erk_ktr_UK_DMSO_3.7,erk_ktr_UK_20200630_P1_10042,20200630 P1,UK,3.7,DMSO,20200630 P1,20200630,P1,s3,10042,24,2.5,83,0.566917,0.8593,0.4373,0.173913,14,80.5,0.7623,97,85,-12,0,0,neither_top_quartile
erk_gpcr_ktr_wan2021,erk_ktr_UK_DMSO_3.7,erk_ktr_UK_20200630_P1_10039,20200630 P1,UK,3.7,DMSO,20200630 P1,20200630,P1,s3,10039,24,2.5,83,0.789138,0.8543,0.733,0.608696,49,80.5,0.7623,99,40,-59,0,1,residence_only_top_quartile
erk_gpcr_ktr_wan2021,erk_ktr_UK_DMSO_3.7,erk_ktr_UK_20200630_P1_10099,20200630 P1,UK,3.7,DMSO,20200630 P1,20200630,P1,s3,10099,24,2.5,83,0.5704,0.8517,0.4391,0.0869565,7,80.5,0.7623,100,109,9,0,0,neither_top_quartile
erk_gpcr_ktr_wan2021,erk_ktr_UK_DMSO_3.7,erk_ktr_UK_20200630_P1_10114,20200630 P1,UK,3.7,DMSO,20200630 P1,20200630,P1,s3,10114,24,2.5,83,0.643312,0.85,0.58,0,0,80.5,0.7623,101,176,75,0,0,neither_top_quartile
erk_gpcr_ktr_wan2021,erk_ktr_UK_DMSO_3.7,erk_ktr_UK_20200630_P1_10013,20200630 P1,UK,3.7,DMSO,20200630 P1,20200630,P1,s3,10013,24,2.5,83,0.585108,0.8382,0.4902,0.0869565,7,80.5,0.7623,104,108,4,0,0,neither_top_quartile
erk_gpcr_ktr_wan2021,erk_ktr_UK_DMSO_3.7,erk_ktr_UK_20200630_P1_10026,20200630 P1,UK,3.7,DMSO,20200630 P1,20200630,P1,s3,10026,24,2.5,83,0.688279,0.8271,0.5152,0.26087,21,80.5,0.7623,108,72,-36,0,0,neither_top_quartile
erk_gpcr_ktr_wan2021,erk_ktr_UK_DMSO_3.7,erk_ktr_UK_20200630_P1_10014,20200630 P1,UK,3.7,DMSO,20200630 P1,20200630,P1,s3,10014,24,2.5,83,0.604075,0.779,0.5333,0.0434783,3.5,80.5,0.7623,122,125,3,0,0,neither_top_quartile
erk_gpcr_ktr_wan2021,erk_ktr_UK_DMSO_3.7,erk_ktr_UK_20200630_P1_10085,20200630 P1,UK,3.7,DMSO,20200630 P1,20200630,P1,s3,10085,24,2.5,83,0.554892,0.7558,0.4312,0,0,80.5,0.7623,129,168,39,0,0,neither_top_quartile
erk_gpcr_ktr_wan2021,erk_ktr_UK_DMSO_3.7,erk_ktr_UK_20200630_P1_10061,20200630 P1,UK,3.7,DMSO,20200630 P1,20200630,P1,s3,10061,24,2.5,83,0.544304,0.7535,0.3164,0,0,80.5,0.7623,130,159,29,0,0,neither_top_quartile
erk_gpcr_ktr_wan2021,erk_ktr_UK_DMSO_3.7,erk_ktr_UK_20200630_P1_10022,20200630 P1,UK,3.7,DMSO,20200630 P1,20200630,P1,s3,10022,24,2.5,83,0.617658,0.7472,0.5258,0,0,80.5,0.7623,131,146,15,0,0,neither_top_quartile
erk_gpcr_ktr_wan2021,erk_ktr_UK_DMSO_3.7,erk_ktr_UK_20200630_P1_10062,20200630 P1,UK,3.7,DMSO,20200630 P1,20200630,P1,s3,10062,24,2.5,83,0.527162,0.7011,0.4214,0,0,80.5,0.7623,136,160,24,0,0,neither_top_quartile
erk_gpcr_ktr_wan2021,erk_ktr_UK_DMSO_3.7,erk_ktr_UK_20200630_P1_10056,20200630 P1,UK,3.7,DMSO,20200630 P1,20200630,P1,s3,10056,24,2.5,83,0.565621,0.6978,0.4248,0,0,80.5,0.7623,138,156,18,0,0,neither_top_quartile
erk_gpcr_ktr_wan2021,erk_ktr_UK_DMSO_3.7,erk_ktr_UK_20200630_P1_10091,20200630 P1,UK,3.7,DMSO,20200630 P1,20200630,P1,s3,10091,24,2.5,83,0.535396,0.6921,0.4585,0,0,80.5,0.7623,141,171,30,0,0,neither_top_quartile
erk_gpcr_ktr_wan2021,erk_ktr_UK_DMSO_3.7,erk_ktr_UK_20200630_P1_10100,20200630 P1,UK,3.7,DMSO,20200630 P1,20200630,P1,s3,10100,24,2.5,83,0.508396,0.6894,0.4264,0,0,80.5,0.7623,142,173,31,0,0,neither_top_quartile
erk_gpcr_ktr_wan2021,erk_ktr_UK_DMSO_3.7,erk_ktr_UK_20200630_P1_10084,20200630 P1,UK,3.7,DMSO,20200630 P1,20200630,P1,s3,10084,24,2.5,83,0.634546,0.6663,0.604,0,0,80.5,0.7623,144,167,23,0,0,neither_top_quartile
erk_gpcr_ktr_wan2021,erk_ktr_UK_DMSO_3.7,erk_ktr_UK_20200630_P1_10027,20200630 P1,UK,3.7,DMSO,20200630 P1,20200630,P1,s3,10027,24,2.5,83,0.595592,0.6624,0.5033,0,0,80.5,0.7623,145,149,4,0,0,neither_top_quartile
erk_gpcr_ktr_wan2021,erk_ktr_UK_DMSO_3.7,erk_ktr_UK_20200630_P1_10038,20200630 P1,UK,3.7,DMSO,20200630 P1,20200630,P1,s3,10038,24,2.5,83,0.536796,0.656,0.4604,0,0,80.5,0.7623,146,152,6,0,0,neither_top_quartile
erk_gpcr_ktr_wan2021,erk_ktr_UK_DMSO_3.7,erk_ktr_UK_20200630_P1_10008,20200630 P1,UK,3.7,DMSO,20200630 P1,20200630,P1,s3,10008,24,2.5,83,0.521138,0.6367,0.4484,0,0,80.5,0.7623,147,144,-3,0,0,neither_top_quartile
erk_gpcr_ktr_wan2021,erk_ktr_UK_DMSO_3.7,erk_ktr_UK_20200630_P1_10120,20200630 P1,UK,3.7,DMSO,20200630 P1,20200630,P1,s3,10120,24,2.5,83,0.52315,0.6222,0.4486,0,0,80.5,0.7623,148,179,31,0,0,neither_top_quartile
erk_gpcr_ktr_wan2021,erk_ktr_UK_DMSO_3.7,erk_ktr_UK_20200630_P1_10118,20200630 P1,UK,3.7,DMSO,20200630 P1,20200630,P1,s3,10118,24,2.5,83,0.5011,0.6101,0.4387,0,0,80.5,0.7623,149,178,29,0,0,neither_top_quartile
erk_gpcr_ktr_wan2021,erk_ktr_UK_DMSO_3.7,erk_ktr_UK_20200630_P1_10087,20200630 P1,UK,3.7,DMSO,20200630 P1,20200630,P1,s3,10087,24,2.5,83,0.422033,0.6092,0.2681,0,0,80.5,0.7623,150,169,19,0,0,neither_top_quartile
erk_gpcr_ktr_wan2021,erk_ktr_UK_DMSO_3.7,erk_ktr_UK_20200630_P1_10104,20200630 P1,UK,3.7,DMSO,20200630 P1,20200630,P1,s3,10104,24,2.5,83,0.583325,0.606,0.5483,0,0,80.5,0.7623,151,174,23,0,0,neither_top_quartile
erk_gpcr_ktr_wan2021,erk_ktr_UK_DMSO_3.7,erk_ktr_UK_20200630_P1_10047,20200630 P1,UK,3.7,DMSO,20200630 P1,20200630,P1,s3,10047,24,2.5,83,0.548233,0.605,0.5101,0,0,80.5,0.7623,152,153,1,0,0,neither_top_quartile
erk_gpcr_ktr_wan2021,erk_ktr_UK_DMSO_3.7,erk_ktr_UK_20200630_P1_10025,20200630 P1,UK,3.7,DMSO,20200630 P1,20200630,P1,s3,10025,24,2.5,83,0.570192,0.6026,0.5091,0,0,80.5,0.7623,153,148,-5,0,0,neither_top_quartile
erk_gpcr_ktr_wan2021,erk_ktr_UK_DMSO_3.7,erk_ktr_UK_20200630_P1_10059,20200630 P1,UK,3.7,DMSO,20200630 P1,20200630,P1,s3,10059,24,2.5,83,0.532312,0.5786,0.4785,0,0,80.5,0.7623,154,158,4,0,0,neither_top_quartile
erk_gpcr_ktr_wan2021,erk_ktr_UK_DMSO_3.7,erk_ktr_UK_20200630_P1_10053,20200630 P1,UK,3.7,DMSO,20200630 P1,20200630,P1,s3,10053,24,2.5,83,0.528108,0.5725,0.4911,0,0,80.5,0.7623,155,154,-1,0,0,neither_top_quartile
erk_gpcr_ktr_wan2021,erk_ktr_UK_DMSO_3.7,erk_ktr_UK_20200630_P1_10006,20200630 P1,UK,3.7,DMSO,20200630 P1,20200630,P1,s3,10006,24,2.5,83,0.502275,0.5639,0.4684,0,0,80.5,0.7623,157,143,-14,0,0,neither_top_quartile
erk_gpcr_ktr_wan2021,erk_ktr_UK_DMSO_3.7,erk_ktr_UK_20200630_P1_10055,20200630 P1,UK,3.7,DMSO,20200630 P1,20200630,P1,s3,10055,24,2.5,83,0.455483,0.5504,0.3333,0,0,80.5,0.7623,160,155,-5,0,0,neither_top_quartile
erk_gpcr_ktr_wan2021,erk_ktr_UK_DMSO_3.7,erk_ktr_UK_20200630_P1_10111,20200630 P1,UK,3.7,DMSO,20200630 P1,20200630,P1,s3,10111,24,2.5,83,0.502279,0.5473,0.4578,0,0,80.5,0.7623,161,175,14,0,0,neither_top_quartile
erk_gpcr_ktr_wan2021,erk_ktr_UK_DMSO_3.7,erk_ktr_UK_20200630_P1_10115,20200630 P1,UK,3.7,DMSO,20200630 P1,20200630,P1,s3,10115,24,2.5,83,0.500367,0.5337,0.4759,0,0,80.5,0.7623,162,177,15,0,0,neither_top_quartile
erk_gpcr_ktr_wan2021,erk_ktr_UK_DMSO_3.7,erk_ktr_UK_20200630_P1_10074,20200630 P1,UK,3.7,DMSO,20200630 P1,20200630,P1,s3,10074,24,2.5,83,0.46055,0.5064,0.4344,0,0,80.5,0.7623,163,163,0,0,0,neither_top_quartile
erk_gpcr_ktr_wan2021,erk_ktr_UK_DMSO_3.7,erk_ktr_UK_20200630_P1_10070,20200630 P1,UK,3.7,DMSO,20200630 P1,20200630,P1,s3,10070,24,2.5,83,0.464908,0.5055,0.4253,0,0,80.5,0.7623,164,162,-2,0,0,neither_top_quartile
erk_gpcr_ktr_wan2021,erk_ktr_UK_DMSO_3.7,erk_ktr_UK_20200630_P1_10005,20200630 P1,UK,3.7,DMSO,20200630 P1,20200630,P1,s3,10005,24,2.5,83,0.467338,0.4965,0.4496,0,0,80.5,0.7623,166,142,-24,0,0,neither_top_quartile
erk_gpcr_ktr_wan2021,erk_ktr_UK_DMSO_3.7,erk_ktr_UK_20200630_P1_10029,20200630 P1,UK,3.7,DMSO,20200630 P1,20200630,P1,s3,10029,24,2.5,83,0.406821,0.4946,0.3443,0,0,80.5,0.7623,167,150,-17,0,0,neither_top_quartile
erk_gpcr_ktr_wan2021,erk_ktr_UK_DMSO_3.7,erk_ktr_UK_20200630_P1_10064,20200630 P1,UK,3.7,DMSO,20200630 P1,20200630,P1,s3,10064,24,2.5,83,0.367488,0.4783,0.3089,0,0,80.5,0.7623,168,161,-7,0,0,neither_top_quartile
erk_gpcr_ktr_wan2021,erk_ktr_UK_DMSO_3.7,erk_ktr_UK_20200630_P1_10093,20200630 P1,UK,3.7,DMSO,20200630 P1,20200630,P1,s3,10093,24,2.5,83,0.370225,0.4738,0.2355,0,0,80.5,0.7623,169,172,3,0,0,neither_top_quartile
erk_gpcr_ktr_wan2021,erk_ktr_UK_DMSO_3.7,erk_ktr_UK_20200630_P1_10081,20200630 P1,UK,3.7,DMSO,20200630 P1,20200630,P1,s3,10081,24,2.5,83,0.353787,0.4597,0.2945,0,0,80.5,0.7623,171,165,-6,0,0,neither_top_quartile
erk_gpcr_ktr_wan2021,erk_ktr_UK_DMSO_3.7,erk_ktr_UK_20200630_P1_10010,20200630 P1,UK,3.7,DMSO,20200630 P1,20200630,P1,s3,10010,24,2.5,83,0.381283,0.4223,0.3469,0,0,80.5,0.7623,172,145,-27,0,0,neither_top_quartile
erk_gpcr_ktr_wan2021,erk_ktr_UK_DMSO_3.7,erk_ktr_UK_20200630_P1_10024,20200630 P1,UK,3.7,DMSO,20200630 P1,20200630,P1,s3,10024,24,2.5,83,0.365554,0.4185,0.285,0,0,80.5,0.7623,173,147,-26,0,0,neither_top_quartile
erk_gpcr_ktr_wan2021,erk_ktr_UK_DMSO_3.7,erk_ktr_UK_20200630_P1_10058,20200630 P1,UK,3.7,DMSO,20200630 P1,20200630,P1,s3,10058,24,2.5,83,0.307179,0.4037,0.2182,0,0,80.5,0.7623,175,157,-18,0,0,neither_top_quartile
erk_gpcr_ktr_wan2021,erk_ktr_UK_DMSO_3.7,erk_ktr_UK_20200630_P1_10034,20200630 P1,UK,3.7,DMSO,20200630 P1,20200630,P1,s3,10034,24,2.5,83,0.292379,0.3668,0.2289,0,0,80.5,0.7623,176,151,-25,0,0,neither_top_quartile
erk_gpcr_ktr_wan2021,erk_ktr_UK_DMSO_3.7,erk_ktr_UK_20200630_P1_10090,20200630 P1,UK,3.7,DMSO,20200630 P1,20200630,P1,s3,10090,24,2.5,83,0.298187,0.3595,0.2564,0,0,80.5,0.7623,177,170,-7,0,0,neither_top_quartile
erk_gpcr_ktr_wan2021,erk_ktr_UK_DMSO_3.7,erk_ktr_UK_20200630_P1_10076,20200630 P1,UK,3.7,DMSO,20200630 P1,20200630,P1,s3,10076,24,2.5,83,0.284175,0.3494,0.2166,0,0,80.5,0.7623,178,164,-14,0,0,neither_top_quartile
erk_gpcr_ktr_wan2021,erk_ktr_UK_DMSO_3.7,erk_ktr_UK_20200630_P1_10083,20200630 P1,UK,3.7,DMSO,20200630 P1,20200630,P1,s3,10083,24,2.5,83,0.284208,0.3197,0.2569,0,0,80.5,0.7623,179,166,-13,0,0,neither_top_quartile
erk_gpcr_ktr_wan2021,erk_ktr_UK_DMSO_3.7,erk_ktr_UK_20200630_P1_10122,20200630 P1,UK,3.7,DMSO,20200630 P1,20200630,P1,s3,10122,24,2.5,83,0.203158,0.223,0.1819,0,0,80.5,0.7623,180,180,0,0,0,neither_top_quartile
