perspective	verdict_category	risk_domain	concern	severity_initial	stage10_evidence	mitigation_or_decision	severity_after_stage10	unresolved_high_severity	action_status
Nature Methods EIC	full submission viable	novelty	RhoDyn could still be read as useful software integration rather than a Nature Methods-level method.	high	Stage 10.1 formal method object, Stage 10.2 named comparator families, Stage 10.5 method-first figure architecture, and Stage 10.6 method-first title/abstract/pitch.	Resolved to medium residual risk because the first read now names residence-state inference, comparator divergence, abstention, bounded coupling, reserve-like endpoints, routed alternatives, and held-out outcomes before software surfaces.	medium	no	resolved_by_stage10_evidence
Nature Methods EIC	full submission viable	validation_breadth	The method could be dismissed as a single-paper or single-biology extension if the public examples look narrow.	high	Stage 10.3 counts four independent public systems across live-cell calcium, GPCR-linked ERK, endpoint profiling, and microbial tracking; Stage 10.4 adds no-retuning held-out positive, comparator-sufficient, and inconclusive calls.	Resolved to medium residual risk. Breadth is materially stronger but still should be described as public-system breadth rather than universal biological generality.	medium	no	resolved_by_stage10_evidence
methods editor	full submission viable	method_identity	The manuscript must foreground a method object rather than a convenience workflow.	high	Stage 10.1 defines input objects, residence windows, dwell summaries, amplitude comparators, decision divergence, abstention, bounded coupling, reserve-like calls, routed-output comparisons, and uncertainty outputs.	Resolved. The method identity is now reviewable as a decision framework with executable positive, counterexample, and ambiguous fixtures.	low	no	resolved_by_stage10_evidence
methods editor	presubmission only	venue_fit	A direct full submission may still be riskier than a concise presubmission query because Stage 10 has not yet produced a new rendered figure set.	medium	Stage 10.5 defines the method-first figure architecture, but the historical Stage 9 rendered mockups remain the current rendered figure files.	Route to Stage 10.9. The safer editor-contact route is a presubmission-style note unless a Stage 10 PanelForge render is authorized.	medium	no	routed_to_stage10_9
computational methods reviewer	full submission viable	named_benchmarking	Named-tool benchmarking could look insufficient if the comparator set is only internal summaries.	high	Stage 10.2 benchmarks internal summaries plus SciPy peak detection, scikit-learn feature classification, hmmlearn state summaries, catch22-style, tsfresh-style, MiniROCKET-style, and ruptures-style comparator families.	Resolved to low residual risk. Comparator families are visible, and cases where generic feature methods succeed are retained as method boundaries.	low	no	resolved_by_stage10_evidence
computational methods reviewer	full submission viable	algorithmic_novelty	RhoDyn is not a mathematically radical new algorithm, so novelty must rest on a rigorous decision object and validation ladder.	high	Stage 10.1 formalizes decision divergence and abstention; Stage 10.2-10.4 stress-test it against baselines, public systems, and held-out contexts.	Resolved to medium residual risk. The claim should remain method-object novelty rather than algorithmic revolution.	medium	no	resolved_with_claim_boundary
live-cell signaling biologist	full submission viable	biological_interpretation	Residence windows could be mistaken for discovered biological states or mechanisms.	high	Stage 10.1 and Stage 10.6 state that windows are declared analysis objects and that decision divergence is not mechanism discovery.	Resolved. The manuscript should keep the declared-window and non-mechanism language visible in the Abstract, Results, figure captions, and Discussion.	low	no	resolved_with_claim_boundary
live-cell signaling biologist	delay for another dataset	validation_breadth	An additional NF-kB, p53, or optogenetic Rho-family reporter dataset would still strengthen biological breadth.	medium	Stage 10.3 already adds four counted public systems and defers unlicensed or unstable sources rather than overusing them.	Not blocking. Another dataset would be helpful, but the current breadth is adequate for presubmission or full-submission discussion if described as scoped public breadth.	medium	no	optional_future_strengthening
statistician/benchmarking reviewer	full submission viable	overclaiming	Positive benchmark outcomes could be overread as universal superiority over amplitude, endpoint, or generic feature summaries.	high	Stage 10.2 keeps generic-feature successes visible; Stage 10.4 preserves positive, comparator-sufficient, and inconclusive held-out calls.	Resolved. The correct claim is conditional decision value under declared windows and uncertainty, not universal superiority.	low	no	resolved_with_claim_boundary
statistician/benchmarking reviewer	presubmission only	uncertainty_reporting	Held-out validation is sealed replay over retained public-derived tables, not a prospective blinded collaborator study.	medium	Stage 10.4 predeclares rules and keeps inconclusive calls visible; Stage 10.6 states the prospective-validation boundary.	Not blocking if the phrase no-retuning held-out validation is used and prospective validation is not implied.	medium	no	resolved_with_claim_boundary
software reproducibility reviewer	full submission viable	reproducibility	A Nature Methods software-adjacent method needs replayable evidence, not only polished prose.	high	Stage 10.7 provides a fresh-clone command index, checksum manifest, archive manifest, and gate report covering Stage 10.1 through Stage 10.6 outputs.	Resolved. The software surface supports the method evidence rather than substituting for it.	low	no	resolved_by_stage10_evidence
software reproducibility reviewer	pivot venue	venue_contingency	If Nature Methods still reads the work as software integration, the package needs a venue pivot path rather than repeated informal EIC requests.	medium	Stage 10.8 records this contingency before Stage 10.9 chooses the contact route.	Route to Stage 10.9. Pivot venue remains a fallback, not the current primary recommendation.	medium	no	routed_to_stage10_9
